,Temperature(F)
0,79.0
1,80.0
2,79.0
3,77.0
4,78.0
5,78.0
6,79.0
7,80.0
8,81.0
9,80.0
10,79.0
11,75.0
12,79.0
13,76.0
14,76.0
15,80.0
16,79.0
17,78.0
18,76.0
19,78.0
20,78.0
21,75.0
22,79.0
23,80.0
24,79.0
25,81.0
26,77.0
27,77.0
28,78.0
29,76.0
30,82.0
31,81.0
32,78.0
33,80.0
34,80.0
35,79.0
36,80.0
37,80.0
38,80.0
39,79.0
40,79.0
41,79.0
42,80.0
43,80.0
44,79.0
45,78.0
46,76.0
47,75.0
48,80.0
49,80.0
50,79.0
51,80.0
52,79.0
53,78.0
54,78.0
55,80.0
56,81.0
57,79.0
58,77.0
59,79.0
60,78.0
61,77.0
62,77.0
63,78.0
64,77.0
65,78.0
66,77.0
67,76.0
68,77.0
69,77.0
70,77.0
71,77.0
72,77.0
73,76.0
74,75.0
75,71.0
76,71.0
77,71.0
78,71.0
79,72.0
80,71.0
81,72.0
82,77.0
83,77.0
84,77.0
85,77.0
86,77.0
87,75.0
88,76.0
89,76.0
90,75.0
91,72.0
92,74.0
93,75.0
94,73.0
95,76.0
96,75.0
97,68.0
98,75.0
99,75.0
100,72.0
101,69.0
102,71.0
103,68.0
104,67.0
105,69.0
106,73.0
107,70.0
108,70.0
109,70.0
110,66.0
111,67.0
112,70.0
113,66.0
114,62.0
115,71.0
116,73.0
117,69.0
118,77.0
119,74.0
120,71.0
121,72.0
122,74.0
123,74.0
124,74.0
125,74.0
126,71.0
127,73.0
128,69.0
129,66.0
130,62.0
131,66.0
132,63.0
133,62.0
134,63.0
135,64.0
136,66.0
137,60.0
138,64.0
139,63.0
140,78.0
141,67.0
142,67.0
143,65.0
144,66.0
145,67.0
146,66.0
147,72.0
148,73.0
149,71.0
150,72.0
151,72.0
152,72.0
153,69.0
154,72.0
155,71.0
156,65.0
157,64.0
158,67.0
159,67.0
160,68.0
161,70.0
162,61.0
163,65.0
164,72.0
165,73.0
166,76.0
167,64.0
168,62.0
169,61.0
170,71.0
171,69.0
172,68.0
173,74.0
174,75.0
175,75.0
176,71.0
177,71.0
178,68.0
179,69.0
180,71.0
181,70.0
182,72.0
183,74.0
184,70.0
185,64.0
186,65.0
187,72.0
188,74.0
189,66.0
190,73.0
191,69.0
192,74.0
193,71.0
194,69.0
195,68.0
196,71.0
197,72.0
198,68.0
199,71.0
200,74.0
201,71.0
202,71.0
203,71.0
204,70.0
205,72.0
206,69.0
207,73.0
208,75.0
209,75.0
210,74.0
211,70.0
212,73.0
213,76.0
214,76.0
215,75.0
216,77.0
217,76.0
218,77.0
219,76.0
220,76.0
221,76.0
222,77.0
223,76.0
224,78.0
225,77.0
226,77.0
227,77.0
228,72.0
229,75.0
230,79.0
231,78.0
232,77.0
233,75.0
234,73.0
235,74.0
236,74.0
237,75.0
238,74.0
239,78.0
240,73.0
241,76.0
242,77.0
243,77.0
244,77.0
245,77.0
246,78.0
247,76.0
248,72.0
249,63.0
250,75.0
251,78.0
252,78.0
253,78.0
254,79.0
255,79.0
256,79.0
257,77.0
258,78.0
259,78.0
260,79.0
261,79.0
262,77.0
263,78.0
264,78.0
265,78.0
266,73.0
267,76.0
268,78.0
269,76.0
270,77.0
271,87.0
272,77.0
273,77.0
274,74.0
275,76.0
276,75.0
277,76.0
278,79.0
279,79.0
280,79.0
281,79.0
282,79.0
283,80.0
284,79.0
285,79.0
286,80.0
287,80.0
288,77.0
289,79.0
290,83.0
291,80.0
292,80.0
293,78.0
294,79.0
295,80.0
296,77.0
297,80.0
298,78.0
299,79.0
300,80.0
301,78.0
302,80.0
303,80.0
304,81.0
305,80.0
306,79.0
307,79.0
308,75.0
309,80.0
310,80.0
311,78.0
312,80.0
313,80.0
314,81.0
315,79.0
316,80.0
317,80.0
318,80.0
319,78.0
320,81.0
321,79.0
322,81.0
323,80.0
324,78.0
325,80.0
326,80.0
327,80.0
328,80.0
329,81.0
330,81.0
331,78.0
332,80.0
333,82.0
334,79.0
335,81.0
336,81.0
337,81.0
338,80.0
339,77.0
340,73.0
341,79.0
342,80.0
343,81.0
344,80.0
345,80.0
346,80.0
347,80.0
348,81.0
349,78.0
350,80.0
351,81.0
352,79.0
353,78.0
354,80.0
355,79.0
356,81.0
357,81.0
358,82.0
359,81.0
360,76.0
361,77.0
362,78.0
363,73.0
364,73.0
365,78.0
366,76.0
367,77.0
368,79.0
369,78.0
370,77.0
371,75.0
372,78.0
373,74.0
374,75.0
375,77.0
376,76.0
377,76.0
378,76.0
379,76.0
380,76.0
381,76.0
382,78.0
383,78.0
384,78.0
385,78.0
386,75.0
387,78.0
388,76.0
389,77.0
390,76.0
391,79.0
392,77.0
393,77.0
394,77.0
395,77.0
396,76.0
397,77.0
398,75.0
399,77.0
400,78.0
401,78.0
402,77.0
403,76.0
404,78.0
405,76.0
406,77.0
407,75.0
408,77.0
409,75.0
410,78.0
411,77.0
412,76.0
413,75.0
414,77.0
415,77.0
416,77.0
417,76.0
418,76.0
419,77.0
420,76.0
421,76.0
422,77.0
423,74.0
424,75.0
425,77.0
426,77.0
427,78.0
428,76.0
429,77.0
430,76.0
431,74.0
432,76.0
433,72.0
434,76.0
435,69.0
436,71.0
437,70.0
438,69.0
439,71.0
440,68.0
441,72.0
442,76.0
443,78.0
444,76.0
445,75.0
446,78.0
447,73.0
448,75.0
449,75.0
450,76.0
451,75.0
452,75.0
453,76.0
454,76.0
455,75.0
456,75.0
457,74.0
458,74.0
459,73.0
460,71.0
461,71.0
462,69.0
463,68.0
464,70.0
465,71.0
466,72.0
467,70.0
468,71.0
469,72.0
470,68.0
471,68.0
472,70.0
473,70.0
474,63.0
475,71.0
476,67.0
477,69.0
478,74.0
479,72.0
480,70.0
481,69.0
482,73.0
483,74.0
484,74.0
485,73.0
486,71.0
487,72.0
488,69.0
489,71.0
490,66.0
491,66.0
492,65.0
493,64.0
494,65.0
495,70.0
496,72.0
497,62.0
498,65.0
499,66.0
500,66.0
501,67.0
502,70.0
503,66.0
504,67.0
505,69.0
506,74.0
507,73.0
508,74.0
509,73.0
510,72.0
511,71.0
512,71.0
513,71.0
514,73.0
515,72.0
516,63.0
517,71.0
518,71.0
519,69.0
520,69.0
521,69.0
522,63.0
523,64.0
524,67.0
525,75.0
526,74.0
527,67.0
528,67.0
529,64.0
530,64.0
531,65.0
532,67.0
533,69.0
534,72.0
535,76.0
536,74.0
537,67.0
538,71.0
539,70.0
540,71.0
541,70.0
542,70.0
543,70.0
544,70.0
545,63.0
546,63.0
547,66.0
548,73.0
549,72.0
550,73.0
551,73.0
552,76.0
553,70.0
554,66.0
555,65.0
556,70.0
557,67.0
558,68.0
559,68.0
560,70.0
561,70.0
562,70.0
563,71.0
564,69.0
565,69.0
566,67.0
567,72.0
568,72.0
569,73.0
570,74.0
571,74.0
572,72.0
573,72.0
574,75.0
575,74.0
576,75.0
577,73.0
578,74.0
579,74.0
580,76.0
581,74.0
582,73.0
583,72.0
584,72.0
585,73.0
586,74.0
587,73.0
588,69.0
589,71.0
590,75.0
591,74.0
592,71.0
593,70.0
594,70.0
595,69.0
596,69.0
597,70.0
598,70.0
599,75.0
600,70.0
601,74.0
602,75.0
603,76.0
604,75.0
605,78.0
606,73.0
607,70.0
608,66.0
609,61.0
610,68.0
611,73.0
612,74.0
613,77.0
614,78.0
615,75.0
616,75.0
617,71.0
618,74.0
619,75.0
620,74.0
621,74.0
622,75.0
623,75.0
624,75.0
625,75.0
626,75.0
627,70.0
628,70.0
629,72.0
630,72.0
631,76.0
632,73.0
633,75.0
634,69.0
635,73.0
636,69.0
637,71.0
638,71.0
639,74.0
640,76.0
641,76.0
642,76.0
643,76.0
644,78.0
645,76.0
646,75.0
647,75.0
648,76.0
649,78.0
650,75.0
651,73.0
652,76.0
653,76.0
654,76.0
655,77.0
656,76.0
657,77.0
658,72.0
659,77.0
660,75.0
661,82.0
662,77.0
663,76.0
664,74.0
665,73.0
666,77.0
667,77.0
668,77.0
669,76.0
670,74.0
671,76.0
672,77.0
673,77.0
674,77.0
675,77.0
676,76.0
677,77.0
678,76.0
679,76.0
680,79.0
681,76.0
682,78.0
683,76.0
684,80.0
685,79.0
686,76.0
687,75.0
688,78.0
689,78.0
690,78.0
691,78.0
692,78.0
693,75.0
694,78.0
695,78.0
696,78.0
697,77.0
698,77.0
699,78.0
700,78.0
701,77.0
702,80.0
703,81.0
704,81.0
705,81.0
706,81.0
707,80.0
708,80.0
709,82.0
710,81.0
711,82.0
712,80.0
713,80.0
714,81.0
715,77.0
716,79.0
717,79.0
718,79.0
719,81.0
720,79.0
721,79.0
722,80.0
723,80.0
724,78.0
725,81.0
726,82.0
727,82.0
728,80.0
729,79.0
730,80.0
731,79.0
732,80.0
733,80.0
734,80.0
735,80.0
736,81.0
737,80.0
738,80.0
739,79.0
740,77.0
741,80.0
742,80.0
743,81.0
744,79.0
745,81.0
746,78.0
747,80.0
748,79.0
749,77.0
750,78.0
751,80.0
752,77.0
753,81.0
754,78.0
755,78.0
756,76.0
757,78.0
758,77.0
759,77.0
760,78.0
761,77.0
762,77.0
763,77.0
764,78.0
765,72.0
766,73.0
767,74.0
768,75.0
769,77.0
770,78.0
771,78.0
772,79.0
773,77.0
774,78.0
775,77.0
776,76.0
777,74.0
778,78.0
779,76.0
780,76.0
781,75.0
782,76.0
783,75.0
784,77.0
785,75.0
786,77.0
787,76.0
788,76.0
789,75.0
790,72.0
791,76.0
792,75.0
793,72.0
794,72.0
795,75.0
796,69.0
797,75.0
798,74.0
799,78.0
800,77.0
801,76.0
802,72.0
803,73.0
804,74.0
805,74.0
806,74.0
807,73.0
808,73.0
809,71.0
810,72.0
811,74.0
812,74.0
813,70.0
814,71.0
815,72.0
816,71.0
817,71.0
818,74.0
819,72.0
820,72.0
821,76.0
822,75.0
823,77.0
824,76.0
825,75.0
826,75.0
827,77.0
828,74.0
829,73.0
830,75.0
831,73.0
832,74.0
833,74.0
834,76.0
835,71.0
836,70.0
837,72.0
838,72.0
839,73.0
840,80.0
841,77.0
842,76.0
843,67.0
844,71.0
845,73.0
846,69.0
847,76.0
848,80.0
849,79.0
850,76.0
851,73.0
852,77.0
853,72.0
854,71.0
855,72.0
856,75.0
857,71.0
858,75.0
859,71.0
860,73.0
861,71.0
862,73.0
863,74.0
864,74.0
865,74.0
866,69.0
867,75.0
868,80.0
869,77.0
870,77.0
871,77.0
872,72.0
873,76.0
874,77.0
875,76.0
876,76.0
877,78.0
878,75.0
879,78.0
880,78.0
881,77.0
882,78.0
883,77.0
884,78.0
885,77.0
886,77.0
887,76.0
888,77.0
889,76.0
890,76.0
891,77.0
892,79.0
893,77.0
894,77.0
895,77.0
896,77.0
897,69.0
898,76.0
899,83.0
900,74.0
901,70.0
902,74.0
903,79.0
904,77.0
905,78.0
906,78.0
907,77.0
908,71.0
909,63.0
910,78.0
911,76.0
912,78.0
913,77.0
914,78.0
915,78.0
916,73.0
917,79.0
918,76.0
919,78.0
920,77.0
921,77.0
922,78.0
923,78.0
924,79.0
925,79.0
926,79.0
927,78.0
928,76.0
929,79.0
930,79.0
931,79.0
932,77.0
933,79.0
934,81.0
935,81.0
936,81.0
937,78.0
938,80.0
939,79.0
940,81.0
941,80.0
942,81.0
943,79.0
944,81.0
945,78.0
946,79.0
947,79.0
948,75.0
949,79.0
950,78.0
951,80.0
952,78.0
953,77.0
954,78.0
955,79.0
956,76.0
957,80.0
958,76.0
959,81.0
960,81.0
961,81.0
962,77.0
963,81.0
964,82.0
965,80.0
966,79.0
967,81.0
968,81.0
969,80.0
970,82.0
971,79.0
972,82.0
973,82.0
974,80.0
975,79.0
976,79.0
977,80.0
978,82.0
979,79.0
980,80.0
981,79.0
982,80.0
983,81.0
984,82.0
985,81.0
986,74.0
987,80.0
988,81.0
989,81.0
990,82.0
991,81.0
992,78.0
993,81.0
994,81.0
995,81.0
996,81.0
997,81.0
998,82.0
999,82.0
1000,78.0
1001,77.0
1002,80.0
1003,80.0
1004,79.0
1005,82.0
1006,78.0
1007,81.0
1008,81.0
1009,80.0
1010,79.0
1011,79.0
1012,82.0
1013,81.0
1014,80.0
1015,79.0
1016,79.0
1017,79.0
1018,76.0
1019,76.0
1020,79.0
1021,79.0
1022,73.0
1023,76.0
1024,80.0
1025,78.0
1026,79.0
1027,80.0
1028,80.0
1029,79.0
1030,77.0
1031,80.0
1032,79.0
1033,78.0
1034,79.0
1035,80.0
1036,80.0
1037,80.0
1038,80.0
1039,78.0
1040,76.0
1041,76.0
1042,77.0
1043,73.0
1044,77.0
1045,76.0
1046,75.0
1047,77.0
1048,75.0
1049,76.0
1050,79.0
1051,77.0
1052,77.0
1053,77.0
1054,75.0
1055,73.0
1056,76.0
1057,77.0
1058,76.0
1059,74.0
1060,75.0
1061,72.0
1062,70.0
1063,68.0
1064,74.0
1065,71.0
1066,70.0
1067,70.0
1068,70.0
1069,68.0
1070,68.0
1071,68.0
1072,66.0
1073,71.0
1074,76.0
1075,73.0
1076,70.0
1077,68.0
1078,71.0
1079,71.0
1080,68.0
1081,65.0
1082,65.0
1083,67.0
1084,67.0
1085,68.0
1086,70.0
1087,73.0
1088,66.0
1089,70.0
1090,77.0
1091,69.0
1092,69.0
1093,70.0
1094,65.0
1095,68.0
1096,68.0
1097,62.0
1098,70.0
1099,72.0
1100,76.0
1101,67.0
1102,64.0
1103,64.0
1104,64.0
1105,77.0
1106,76.0
1107,73.0
1108,70.0
1109,69.0
1110,71.0
1111,72.0
1112,72.0
1113,68.0
1114,69.0
1115,72.0
1116,66.0
1117,73.0
1118,70.0
1119,67.0
1120,67.0
1121,67.0
1122,68.0
1123,68.0
1124,69.0
1125,73.0
1126,75.0
1127,71.0
1128,72.0
1129,73.0
1130,74.0
1131,77.0
1132,78.0
1133,75.0
1134,75.0
1135,73.0
1136,73.0
1137,76.0
1138,75.0
1139,76.0
1140,74.0
1141,76.0
1142,72.0
1143,75.0
1144,76.0
1145,75.0
1146,74.0
1147,78.0
1148,78.0
1149,78.0
1150,76.0
1151,79.0
1152,78.0
1153,80.0
1154,80.0
1155,78.0
1156,80.0
1157,81.0
1158,78.0
1159,77.0
1160,78.0
1161,78.0
1162,77.0
1163,76.0
1164,81.0
1165,76.0
1166,82.0
1167,80.0
1168,80.0
1169,79.0
1170,74.0
1171,87.0
1172,80.0
1173,79.0
1174,79.0
1175,78.0
1176,81.0
1177,80.0
1178,81.0
1179,78.0
1180,81.0
1181,80.0
1182,81.0
1183,81.0
1184,78.0
1185,79.0
1186,80.0
1187,81.0
1188,79.0
1189,80.0
1190,84.0
1191,81.0
1192,80.0
1193,79.0
1194,78.0
1195,78.0
1196,81.0
1197,78.0
1198,84.0
1199,84.0
1200,78.0
1201,76.0
1202,79.0
1203,77.0
1204,78.0
1205,83.0
1206,78.0
1207,77.0
1208,77.0
1209,79.0
1210,78.0
1211,81.0
1212,81.0
1213,78.0
1214,77.0
1215,79.0
1216,79.0
1217,80.0
1218,83.0
1219,82.0
1220,78.0
1221,78.0
1222,78.0
1223,82.0
1224,78.0
1225,79.0
1226,81.0
1227,79.0
1228,80.0
1229,80.0
1230,80.0
1231,79.0
1232,82.0
1233,80.0
1234,78.0
1235,81.0
1236,81.0
1237,79.0
1238,80.0
1239,79.0
1240,81.0
1241,80.0
1242,80.0
1243,78.0
1244,79.0
1245,80.0
1246,81.0
1247,75.0
1248,77.0
1249,78.0
1250,78.0
1251,78.0
1252,78.0
1253,79.0
1254,78.0
1255,79.0
1256,76.0
1257,77.0
1258,76.0
1259,78.0
1260,78.0
1261,76.0
1262,77.0
1263,75.0
1264,72.0
1265,73.0
1266,79.0
1267,79.0
1268,78.0
1269,77.0
1270,77.0
1271,77.0
1272,77.0
1273,76.0
1274,80.0
1275,75.0
1276,76.0
1277,75.0
1278,75.0
1279,76.0
1280,78.0
1281,78.0
1282,77.0
1283,76.0
1284,76.0
1285,76.0
1286,75.0
1287,75.0
1288,75.0
1289,70.0
1290,70.0
1291,74.0
1292,73.0
1293,72.0
1294,78.0
1295,67.0
1296,69.0
1297,71.0
1298,74.0
1299,63.0
1300,76.0
1301,76.0
1302,71.0
1303,76.0
1304,77.0
1305,73.0
1306,71.0
1307,78.0
1308,78.0
1309,75.0
1310,75.0
1311,72.0
1312,77.0
1313,72.0
1314,74.0
1315,73.0
1316,73.0
1317,71.0
1318,74.0
1319,72.0
1320,74.0
1321,77.0
1322,75.0
1323,81.0
1324,78.0
1325,80.0
1326,75.0
1327,78.0
1328,73.0
1329,74.0
1330,74.0
1331,74.0
1332,74.0
1333,72.0
1334,74.0
1335,74.0
1336,73.0
1337,70.0
1338,70.0
1339,70.0
1340,64.0
1341,62.0
1342,76.0
1343,77.0
1344,76.0
1345,72.0
1346,74.0
1347,60.0
1348,74.0
1349,70.0
1350,73.0
1351,78.0
1352,76.0
1353,72.0
1354,75.0
1355,67.0
1356,71.0
1357,72.0
1358,73.0
1359,70.0
1360,67.0
1361,77.0
1362,73.0
1363,73.0
1364,75.0
1365,74.0
1366,77.0
1367,69.0
1368,70.0
1369,69.0
1370,81.0
1371,74.0
1372,69.0
1373,74.0
1374,71.0
1375,69.0
1376,70.0
1377,74.0
1378,74.0
1379,75.0
1380,75.0
1381,75.0
1382,75.0
1383,76.0
1384,75.0
1385,80.0
1386,76.0
1387,76.0
1388,74.0
1389,78.0
1390,75.0
1391,80.0
1392,79.0
1393,76.0
1394,78.0
1395,77.0
1396,76.0
1397,78.0
1398,74.0
1399,75.0
1400,82.0
1401,80.0
1402,79.0
1403,75.0
1404,79.0
1405,74.0
1406,71.0
1407,76.0
1408,74.0
1409,76.0
1410,70.0
1411,80.0
1412,76.0
1413,81.0
1414,76.0
1415,76.0
1416,70.0
1417,64.0
1418,73.0
1419,78.0
1420,78.0
1421,77.0
1422,79.0
1423,80.0
1424,78.0
1425,80.0
1426,75.0
1427,76.0
1428,78.0
1429,77.0
1430,76.0
1431,78.0
1432,77.0
1433,76.0
1434,77.0
1435,71.0
1436,79.0
1437,80.0
1438,76.0
1439,76.0
1440,76.0
1441,75.0
1442,77.0
1443,79.0
1444,82.0
1445,80.0
1446,78.0
1447,79.0
1448,79.0
1449,81.0
1450,79.0
1451,81.0
1452,78.0
1453,78.0
1454,78.0
1455,77.0
1456,78.0
1457,75.0
1458,81.0
1459,80.0
1460,77.0
1461,80.0
1462,78.0
1463,80.0
1464,77.0
1465,78.0
1466,78.0
1467,80.0
1468,80.0
1469,79.0
1470,82.0
1471,80.0
1472,81.0
1473,81.0
1474,79.0
1475,78.0
1476,75.0
1477,80.0
1478,81.0
1479,80.0
1480,79.0
1481,79.0
1482,77.0
1483,82.0
1484,82.0
1485,79.0
1486,82.0
1487,79.0
1488,80.0
1489,82.0
1490,82.0
1491,82.0
1492,83.0
1493,80.0
1494,80.0
1495,80.0
1496,78.0
1497,79.0
1498,80.0
1499,84.0
1500,80.0
1501,81.0
1502,83.0
1503,84.0
1504,82.0
1505,75.0
1506,83.0
1507,80.0
1508,82.0
1509,83.0
1510,83.0
1511,82.0
1512,80.0
1513,81.0
1514,83.0
1515,84.0
1516,75.0
1517,79.0
1518,79.0
1519,83.0
1520,85.0
1521,82.0
1522,82.0
1523,82.0
1524,77.0
1525,80.0
1526,80.0
1527,75.0
1528,73.0
1529,78.0
1530,77.0
1531,78.0
1532,80.0
1533,80.0
1534,78.0
1535,78.0
1536,78.0
1537,73.0
1538,74.0
1539,80.0
1540,79.0
1541,77.0
1542,80.0
1543,76.0
1544,79.0
1545,75.0
1546,79.0
1547,78.0
1548,79.0
1549,78.0
1550,78.0
1551,76.0
1552,74.0
1553,77.0
1554,78.0
1555,79.0
1556,79.0
1557,77.0
1558,80.0
1559,78.0
1560,78.0
1561,78.0
1562,77.0
1563,79.0
1564,79.0
1565,79.0
1566,79.0
1567,75.0
1568,76.0
1569,73.0
1570,72.0
1571,71.0
1572,77.0
1573,79.0
1574,78.0
1575,79.0
1576,77.0
1577,79.0
1578,77.0
1579,78.0
1580,78.0
1581,78.0
1582,78.0
1583,77.0
1584,74.0
1585,75.0
1586,76.0
1587,73.0
1588,76.0
1589,74.0
1590,77.0
1591,76.0
1592,76.0
1593,74.0
1594,75.0
1595,75.0
1596,75.0
1597,75.0
1598,71.0
1599,63.0
1600,70.0
1601,68.0
1602,67.0
1603,77.0
1604,74.0
1605,77.0
1606,76.0
1607,76.0
1608,75.0
1609,76.0
1610,75.0
1611,73.0
1612,75.0
1613,73.0
1614,75.0
1615,74.0
1616,75.0
1617,74.0
1618,75.0
1619,73.0
1620,75.0
1621,73.0
1622,73.0
1623,74.0
1624,70.0
1625,72.0
1626,70.0
1627,67.0
1628,67.0
1629,69.0
1630,70.0
1631,68.0
1632,69.0
1633,69.0
1634,66.0
1635,65.0
1636,68.0
1637,62.0
1638,75.0
1639,70.0
1640,69.0
1641,76.0
1642,76.0
1643,74.0
1644,73.0
1645,71.0
1646,74.0
1647,74.0
1648,72.0
1649,71.0
1650,72.0
1651,74.0
1652,69.0
1653,67.0
1654,72.0
1655,70.0
1656,64.0
1657,63.0
1658,63.0
1659,62.0
1660,70.0
1661,70.0
1662,62.0
1663,62.0
1664,63.0
1665,65.0
1666,69.0
1667,77.0
1668,70.0
1669,74.0
1670,69.0
1671,72.0
1672,71.0
1673,69.0
1674,71.0
1675,71.0
1676,72.0
1677,72.0
1678,69.0
1679,70.0
1680,66.0
1681,65.0
1682,69.0
1683,68.0
1684,68.0
1685,68.0
1686,59.0
1687,60.0
1688,70.0
1689,73.0
1690,75.0
1691,64.0
1692,59.0
1693,59.0
1694,62.0
1695,68.0
1696,70.0
1697,73.0
1698,79.0
1699,75.0
1700,65.0
1701,70.0
1702,74.0
1703,70.0
1704,70.0
1705,71.0
1706,71.0
1707,71.0
1708,69.0
1709,61.0
1710,67.0
1711,65.0
1712,72.0
1713,71.0
1714,73.0
1715,72.0
1716,77.0
1717,73.0
1718,67.0
1719,62.0
1720,64.0
1721,67.0
1722,66.0
1723,81.0
1724,69.0
1725,66.0
1726,67.0
1727,69.0
1728,66.0
1729,68.0
1730,65.0
1731,74.0
1732,69.0
1733,72.0
1734,73.0
1735,72.0
1736,71.0
1737,76.0
1738,77.0
1739,76.0
1740,74.0
1741,68.0
1742,73.0
1743,71.0
1744,74.0
1745,75.0
1746,70.0
1747,67.0
1748,71.0
1749,67.0
1750,74.0
1751,77.0
1752,78.0
1753,67.0
1754,70.0
1755,69.0
1756,69.0
1757,74.0
1758,78.0
1759,71.0
1760,67.0
1761,68.0
1762,67.0
1763,76.0
1764,69.0
1765,72.0
1766,76.0
1767,68.0
1768,72.0
1769,74.0
1770,70.0
1771,67.0
1772,72.0
1773,60.0
1774,65.0
1775,75.0
1776,70.0
1777,75.0
1778,70.0
1779,79.0
1780,75.0
1781,70.0
1782,67.0
1783,74.0
1784,70.0
1785,75.0
1786,76.0
1787,77.0
1788,74.0
1789,74.0
1790,74.0
1791,69.0
1792,68.0
1793,76.0
1794,74.0
1795,71.0
1796,71.0
1797,74.0
1798,74.0
1799,74.0
1800,74.0
1801,80.0
1802,74.0
1803,72.0
1804,75.0
1805,80.0
1806,76.0
1807,76.0
1808,77.0
1809,75.0
1810,75.0
1811,75.0
1812,75.0
1813,72.0
1814,74.0
1815,74.0
1816,74.0
1817,76.0
1818,74.0
1819,75.0
1820,73.0
1821,79.0
1822,75.0
1823,72.0
1824,72.0
1825,74.0
1826,72.0
1827,72.0
1828,77.0
1829,71.0
1830,73.0
1831,76.0
1832,77.0
1833,76.0
1834,76.0
1835,79.0
1836,81.0
1837,76.0
1838,78.0
1839,77.0
1840,74.0
1841,75.0
1842,78.0
1843,78.0
1844,69.0
1845,72.0
1846,74.0
1847,74.0
1848,76.0
1849,80.0
1850,80.0
1851,76.0
1852,76.0
1853,76.0
1854,77.0
1855,77.0
1856,77.0
1857,82.0
1858,75.0
1859,77.0
1860,75.0
1861,76.0
1862,81.0
1863,82.0
1864,81.0
1865,76.0
1866,77.0
1867,82.0
1868,83.0
1869,77.0
1870,77.0
1871,77.0
1872,76.0
1873,76.0
1874,79.0
1875,74.0
1876,77.0
1877,74.0
1878,71.0
1879,78.0
1880,75.0
1881,76.0
1882,77.0
1883,75.0
1884,75.0
1885,73.0
1886,76.0
1887,73.0
1888,74.0
1889,74.0
1890,75.0
1891,75.0
1892,71.0
1893,72.0
1894,75.0
1895,73.0
1896,73.0
1897,73.0
1898,76.0
1899,75.0
1900,70.0
1901,70.0
1902,73.0
1903,73.0
1904,73.0
1905,77.0
1906,76.0
1907,74.0
1908,74.0
1909,77.0
1910,77.0
1911,73.0
1912,74.0
1913,73.0
1914,76.0
1915,74.0
1916,75.0
1917,75.0
1918,73.0
1919,74.0
1920,77.0
1921,74.0
1922,74.0
1923,78.0
1924,75.0
1925,73.0
1926,74.0
1927,77.0
1928,70.0
1929,74.0
1930,70.0
1931,73.0
1932,74.0
1933,75.0
1934,72.0
1935,71.0
1936,74.0
1937,75.0
1938,71.0
1939,68.0
1940,71.0
1941,76.0
1942,69.0
1943,73.0
1944,76.0
1945,74.0
1946,74.0
1947,69.0
1948,77.0
1949,71.0
1950,71.0
1951,71.0
1952,71.0
1953,67.0
1954,73.0
1955,72.0
1956,74.0
1957,72.0
1958,72.0
1959,75.0
1960,74.0
1961,71.0
1962,73.0
1963,69.0
1964,69.0
1965,69.0
1966,70.0
1967,69.0
1968,71.0
1969,67.0
1970,72.0
1971,71.0
1972,71.0
1973,67.0
1974,76.0
1975,67.0
1976,67.0
1977,68.0
1978,71.0
1979,68.0
1980,68.0
1981,69.0
1982,65.0
1983,70.0
1984,69.0
1985,64.0
1986,60.0
1987,67.0
1988,72.0
1989,73.0
1990,70.0
1991,68.0
1992,69.0
1993,69.0
1994,69.0
1995,71.0
1996,71.0
1997,71.0
1998,69.0
1999,65.0
2000,65.0
2001,68.0
2002,70.0
2003,71.0
2004,70.0
2005,71.0
2006,65.0
2007,70.0
2008,66.0
2009,69.0
2010,64.0
2011,66.0
2012,68.0
2013,67.0
2014,70.0
2015,68.0
2016,68.0
2017,69.0
2018,73.0
2019,71.0
2020,67.0
2021,67.0
2022,68.0
2023,70.0
2024,67.0
2025,69.0
2026,67.0
2027,69.0
2028,64.0
2029,67.0
2030,66.0
2031,65.0
2032,65.0
2033,60.0
2034,66.0
2035,69.0
2036,73.0
2037,68.0
2038,68.0
2039,64.0
2040,70.0
2041,66.0
2042,65.0
2043,68.0
2044,79.0
2045,71.0
2046,72.0
2047,72.0
2048,68.0
2049,69.0
2050,65.0
2051,69.0
2052,72.0
2053,68.0
2054,66.0
2055,64.0
2056,69.0
2057,69.0
2058,64.0
2059,72.0
2060,78.0
2061,70.0
2062,68.0
2063,76.0
2064,72.0
2065,68.0
2066,72.0
2067,65.0
2068,82.0
2069,69.0
2070,75.0
2071,76.0
2072,77.0
2073,70.0
2074,74.0
2075,74.0
2076,72.0
2077,72.0
2078,70.0
2079,70.0
2080,72.0
2081,72.0
2082,74.0
2083,69.0
2084,69.0
2085,76.0
2086,69.0
2087,71.0
2088,73.0
2089,75.0
2090,69.0
2091,72.0
2092,76.0
2093,70.0
2094,72.0
2095,71.0
2096,70.0
2097,73.0
2098,72.0
2099,70.0
2100,71.0
2101,69.0
2102,71.0
2103,71.0
2104,69.0
2105,70.0
2106,73.0
2107,70.0
2108,75.0
2109,74.0
2110,77.0
2111,76.0
2112,71.0
2113,68.0
2114,58.0
2115,73.0
2116,79.0
2117,74.0
2118,74.0
2119,74.0
2120,70.0
2121,66.0
2122,72.0
2123,72.0
2124,78.0
2125,70.0
2126,71.0
2127,70.0
2128,72.0
2129,71.0
2130,71.0
2131,69.0
2132,70.0
2133,69.0
2134,72.0
2135,69.0
2136,70.0
2137,75.0
2138,72.0
2139,72.0
2140,73.0
2141,72.0
2142,74.0
2143,74.0
2144,77.0
2145,74.0
2146,74.0
2147,79.0
2148,75.0
2149,72.0
2150,76.0
2151,74.0
2152,73.0
2153,74.0
2154,77.0
2155,74.0
2156,72.0
2157,77.0
2158,76.0
2159,74.0
2160,75.0
2161,76.0
2162,71.0
2163,73.0
2164,79.0
2165,79.0
2166,74.0
2167,74.0
2168,76.0
2169,75.0
2170,74.0
2171,78.0
2172,77.0
2173,77.0
2174,75.0
2175,74.0
2176,74.0
2177,71.0
2178,78.0
2179,77.0
2180,74.0
2181,72.0
2182,77.0
2183,76.0
2184,78.0
2185,75.0
2186,72.0
2187,77.0
2188,74.0
2189,75.0
2190,72.0
2191,72.0
2192,78.0
2193,77.0
2194,79.0
2195,73.0
2196,75.0
2197,73.0
2198,77.0
2199,79.0
2200,74.0
2201,72.0
2202,80.0
2203,76.0
2204,77.0
2205,79.0
2206,78.0
2207,74.0
2208,71.0
2209,75.0
2210,72.0
2211,74.0
2212,80.0
2213,79.0
2214,70.0
2215,71.0
2216,72.0
2217,76.0
2218,71.0
2219,78.0
2220,76.0
2221,76.0
2222,76.0
